V1.V,I(D1.nA),
0,5.045700388883656e-13,
0.1,4.852192410668054e-11,
0.2,2.4021837970363773e-9,
0.30000000000000004,1.1771912841331098e-7,
0.4,0.0000056462508648974095,
0.5,0.00015428996065244325,
0.6000000000000001,0.0007441441268245422,
0.7000000000000001,0.0015479247108745593,
0.8,0.002423938830269158,
0.9,0.0033330209377401645,
1,0.004260657857504783,