V1.V,V(D1.nA),I(D1.nA),
0,0,5.045700388883656e-13,
0.1,0,-4.750290260058823e-13,
0.2,0,-4.950137630158056e-13,
0.30000000000000004,0,-4.954214712978657e-13,
0.4,0,-4.954297899072526e-13,
0.5,0,-4.954299605942535e-13,
0.6000000000000001,0,-4.954299693724075e-13,
0.7000000000000001,0,-4.954299730865781e-13,
0.8,0,-4.954299751271568e-13,
0.9,0,-4.95429977128099e-13,
1,0,-4.954299791281205e-13,